Username,Subscribe Date,Current Tier,Tenure,Streak,Sub Type,Founder
alegenn8,2022-04-21T10:19:34Z,Tier 1,1,1,prime,false
texaslioness,2021-09-12T16:00:41Z,Tier 1,9,9,recurring,false
ianalexhart,2022-03-20T12:33:40Z,Tier 1,5,5,recurring,false
andermenastre44,2021-11-25T09:31:15Z,Tier 1,6,6,recurring,false
sannacatleya,2021-12-06T13:20:26Z,Tier 1,12,9,recurring,false
karomagkekse,2021-12-31T15:44:26Z,Tier 1,6,5,recurring,false
mariamstwitch,2021-09-10T07:41:39Z,Tier 1,11,9,recurring,false
spacefit,2022-03-15T15:02:20Z,Tier 1,4,3,recurring,false
kutford,2022-04-04T09:17:08Z,Tier 1,16,10,recurring,false
jamison___,2022-03-19T15:56:55Z,Tier 1,17,10,recurring,false
frankthanks,2022-04-07T15:57:02Z,Tier 1,6,4,recurring,false
bingobongo_999,2020-12-31T17:12:39Z,Tier 1,18,18,recurring,false
mrpumpkin4,2022-03-14T17:39:36Z,Tier 1,6,4,recurring,false
larseriksson42,2022-03-24T19:13:01Z,Tier 1,2,2,recurring,false
palmdaddy,2020-12-09T16:02:13Z,Tier 1,19,19,recurring,true
gurimmuro,2021-11-15T11:48:41Z,Tier 1,7,7,recurring,false
anza0,2022-04-24T13:19:31Z,Tier 1,12,10,recurring,false
irohsteapot,2022-02-23T16:08:54Z,Tier 1,3,3,recurring,false
nadeek99,2022-04-24T14:23:22Z,Tier 1,1,1,gift,false
ymerfps,2022-03-20T17:04:49Z,Tier 1,2,2,recurring,false
vurgun22,2021-09-12T10:15:21Z,Tier 1,9,9,recurring,false
mircoleali,2021-09-26T11:28:18Z,Tier 1,9,8,recurring,false
thwaites_,2022-03-10T15:22:13Z,Tier 1,3,3,recurring,false
tactical__tuna,2022-03-30T20:28:03Z,Tier 1,2,2,recurring,false
nastya_lost,2021-09-08T16:54:18Z,Tier 1,11,10,recurring,false
jefjrfigueiredo,2022-03-09T19:05:21Z,Tier 1,3,3,recurring,false
pip3191,2021-12-02T10:26:23Z,Tier 1,7,7,recurring,false
adrian_tge,2022-03-22T17:07:31Z,Tier 1,3,2,recurring,false
happy__jack,2021-08-23T14:07:31Z,Tier 1,9,9,recurring,false
coolman4200,2021-10-06T12:19:44Z,Tier 1,12,8,recurring,true
nizga_,2021-11-18T10:30:58Z,Tier 1,8,7,recurring,false
verybusyjames,2022-03-22T14:49:56Z,Tier 1,3,3,recurring,false
d21winters,2021-11-23T16:06:00Z,Tier 1,6,6,recurring,false
ranuz97,2022-05-12T14:30:09Z,Tier 1,1,1,recurring,false
mirko_lpro,2022-05-16T20:39:50Z,Tier 1,1,1,prime,false
airpotato,2020-11-09T17:52:50Z,Tier 1,19,19,recurring,true
kazrap,2022-01-03T13:43:57Z,Tier 1,5,5,recurring,false
leriscss,2022-03-20T17:19:57Z,Tier 1,3,2,recurring,false
sarinasaurus,2022-03-10T16:30:56Z,Tier 1,3,3,recurring,false
emk_,2022-03-24T15:28:56Z,Tier 1,10,2,recurring,false
oisoza,2022-04-04T10:22:49Z,Tier 1,10,2,recurring,false
starrih77,2021-12-08T10:44:07Z,Tier 1,7,6,recurring,false
matteodemaria01,2022-04-04T14:16:08Z,Tier 1,2,2,recurring,false
soonpng,2021-12-11T17:08:27Z,Tier 1,6,6,recurring,false
mrgrabowsky,2021-05-08T14:00:54Z,Tier 1,15,14,recurring,false
zioeddy71,2022-02-23T16:58:42Z,Tier 1,3,3,recurring,false
miss_helium_enigma,2022-04-15T12:50:13Z,Tier 1,2,2,recurring,false
codingspectre,2022-03-17T22:03:30Z,Tier 1,3,3,recurring,false
bcluff,2022-02-02T11:41:17Z,Tier 1,5,4,recurring,false
ditchdubya235,2022-03-09T15:58:07Z,Tier 1,3,3,recurring,false
andrew332412,2022-02-08T12:03:41Z,Tier 1,5,5,recurring,false
articus_00,2022-02-15T12:08:57Z,Tier 1,4,4,recurring,false
emmssiii,2022-01-30T09:19:21Z,Tier 1,9,4,recurring,false
callmesofi,2022-02-03T17:24:38Z,Tier 1,12,4,recurring,false
hawkinsttv,2022-03-01T10:22:18Z,Tier 1,12,3,recurring,false
heerogurung,2022-02-20T12:40:56Z,Tier 1,10,10,recurring,false
meronem,2022-04-21T09:26:05Z,Tier 1,3,2,prime,false
alexprice_,2022-02-24T15:25:07Z,Tier 1,3,3,recurring,false
nicolius99,2022-03-07T15:33:22Z,Tier 1,7,6,recurring,false
andsoforth,2022-04-27T12:08:27Z,Tier 1,1,1,prime,false
demicanplay,2022-04-28T17:51:11Z,Tier 1,3,2,recurring,false
dfinn14,2022-04-28T12:55:32Z,Tier 1,3,1,prime,false
itsmelobster8,2022-04-26T14:46:10Z,Tier 1,1,1,recurring,false
studydana,2022-01-16T14:37:33Z,Tier 1,5,5,recurring,false
ilpotentedino,2022-05-01T09:12:15Z,Tier 1,1,1,gift,false
nevempeti,2022-04-26T13:52:36Z,Tier 1,3,1,gift,false
mogui_one,2022-04-27T14:08:59Z,Tier 1,1,1,prime,false
anderhalvemeterafstand,2022-01-27T10:46:06Z,Tier 1,4,4,recurring,false
eliyahoo92,2022-04-28T13:55:55Z,Tier 1,1,1,prime,false
dimehz,2022-04-27T11:40:37Z,Tier 1,1,1,prime,false
riverhudz2022,2022-04-19T09:22:14Z,Tier 1,2,2,recurring,false
anaecx_,2022-04-28T13:55:44Z,Tier 1,2,1,gift,false
zaza_wild,2022-04-27T13:17:02Z,Tier 1,1,1,prime,false
micheledallavalle,2022-04-21T09:43:37Z,Tier 1,6,5,prime,false
smiggins,2022-04-28T14:01:41Z,Tier 1,1,1,gift,false
fr4ppoo,2022-04-27T09:08:05Z,Tier 1,8,1,prime,false
schnickelbag,2022-04-26T13:52:36Z,Tier 1,3,1,gift,false
mojorojo3314,2022-04-28T10:17:22Z,Tier 1,1,1,gift,false
valerioo99,2022-04-28T13:53:49Z,Tier 1,1,1,gift,false
d3nis_13,2022-04-12T14:10:53Z,Tier 1,3,3,recurring,false
wellingt_s,2022-04-28T15:56:02Z,Tier 1,3,1,prime,false
just1cosmo,2022-04-28T13:55:42Z,Tier 1,2,1,recurring,false
mbythunder,2022-04-26T15:18:33Z,Tier 1,1,1,gift,false
abyss,2022-04-27T10:21:25Z,Tier 1,1,1,gift,false
rhett,2022-04-27T09:52:26Z,Tier 1,9,1,prime,false
deardream_,2021-05-05T11:06:32Z,Tier 1,14,14,recurring,false
muukeli,2022-04-28T10:17:22Z,Tier 1,1,1,gift,false
eskapynk_,2022-04-27T16:09:26Z,Tier 1,1,1,prime,false
n3oalex,2021-08-23T13:03:57Z,Tier 1,9,9,recurring,false
maitexuuuu,2021-04-12T10:45:10Z,Tier 1,14,14,recurring,false
thefrenchfangirl,2022-04-28T10:17:22Z,Tier 1,1,1,gift,false
orange_ac13,2022-04-26T13:52:36Z,Tier 1,2,2,gift,false
lowkeylowkey,2022-01-03T15:57:01Z,Tier 1,5,5,recurring,false
yazzoe,2022-04-26T13:52:36Z,Tier 1,1,1,gift,false
ariamm,2022-01-18T10:51:25Z,Tier 1,9,9,recurring,false
dottsalvo,2022-04-27T15:56:30Z,Tier 1,1,1,recurring,false
leezipotato,2022-04-26T15:19:01Z,Tier 1,3,1,recurring,false
ac_sushii,2022-04-19T09:21:33Z,Tier 1,14,5,recurring,false
mtolinda,2022-04-26T13:50:46Z,Tier 1,2,1,gift,false
visualbyadrian,2022-04-26T15:18:32Z,Tier 1,2,1,gift,false
funkyshoes193,2022-04-21T09:03:20Z,Tier 1,8,1,prime,false
tapurilla,2022-04-26T15:43:04Z,Tier 1,2,2,gift,false
cemrehasret,2022-04-05T06:57:12Z,Tier 1,5,2,recurring,false
adriano_cof,2022-04-21T09:04:26Z,Tier 1,4,2,prime,false
kiaraakitty,2022-04-27T11:47:26Z,Tier 1,1,1,gift,false
purevegimite,2022-04-27T10:46:49Z,Tier 1,1,1,recurring,false
aricalih,2022-04-26T14:46:40Z,Tier 1,1,1,gift,false
cookiefondlerer,2022-04-27T15:04:13Z,Tier 1,1,1,recurring,false
nationsoffreaks,2022-04-27T10:52:29Z,Tier 1,8,1,recurring,false
blublu_bs,2022-04-28T13:54:26Z,Tier 1,1,1,gift,false
fflaminghotcheetos,2021-05-10T08:13:43Z,Tier 1,16,16,recurring,false
the_tricky_red,2021-12-31T17:05:25Z,Tier 1,5,5,recurring,false
pasquale_cellitti,2022-04-14T16:20:17Z,Tier 1,3,3,recurring,false
naturephy,2022-05-01T09:07:55Z,Tier 1,1,1,gift,false
moonify,2022-04-26T15:18:33Z,Tier 1,2,1,gift,false
anna_lisbed,2022-01-10T17:48:55Z,Tier 1,5,5,recurring,false
karantaffairs,2022-01-03T17:11:43Z,Tier 1,16,5,recurring,false
gitau911,2022-02-01T13:40:33Z,Tier 1,4,4,recurring,false
geng_gui,2022-04-28T14:01:40Z,Tier 1,1,1,gift,false
spwlk,2022-04-28T10:12:10Z,Tier 1,1,1,prime,false
almud_navajosauriorex,2022-04-19T09:30:36Z,Tier 1,2,2,recurring,false
ri_hyuuga,2022-05-01T09:22:57Z,Tier 1,9,7,prime,false
zoya_jan,2022-05-01T11:26:32Z,Tier 1,2,1,gift,false
dana620,2022-02-23T12:41:50Z,Tier 1,4,4,recurring,false
iamtherealvise,2022-04-26T15:18:33Z,Tier 1,1,1,gift,false
zamus_21,2022-04-26T14:47:36Z,Tier 1,8,2,prime,false
sonatagmajor,2022-04-27T11:17:50Z,Tier 1,1,1,recurring,false
maiono,2022-04-26T15:18:32Z,Tier 1,1,1,gift,false
fonsecarayanne,2022-04-28T13:54:12Z,Tier 1,2,1,prime,false
randomlaus,2022-04-27T11:18:24Z,Tier 1,5,3,prime,false
il_serle,2022-04-26T15:18:32Z,Tier 1,2,2,gift,false
zcobii,2022-01-20T16:30:31Z,Tier 1,7,7,recurring,false
agpavia97,2022-04-21T09:07:01Z,Tier 1,1,1,gift,false
coxtwitch,2022-04-28T14:01:40Z,Tier 1,1,1,gift,false
mariuscbc,2021-05-17T14:39:49Z,Tier 1,15,14,recurring,false
longlikeshort,2022-04-26T13:52:31Z,Tier 1,2,1,gift,false
lunaris6,2022-04-26T13:52:36Z,Tier 1,3,1,gift,false
stackhouse4485,2022-02-22T16:22:31Z,Tier 1,4,3,recurring,false
rosayrosado,2022-04-26T14:51:38Z,Tier 1,3,2,prime,false
daniele_23,2022-05-17T20:17:13Z,Tier 1,1,1,gift,false
lemato77,2022-01-18T15:51:14Z,Tier 1,5,5,recurring,false
yiren96,2021-03-02T14:03:46Z,Tier 1,15,15,recurring,false
hawkmakesfood,2022-03-09T20:02:59Z,Tier 1,3,3,recurring,false
inkognidonz,2022-02-17T14:15:59Z,Tier 1,5,5,recurring,false
nitrel_,2022-04-27T09:10:35Z,Tier 1,1,1,prime,false
x_fizz_x_,2022-04-28T13:55:47Z,Tier 1,3,2,gift,false
lookmagic1,2022-04-27T10:44:02Z,Tier 1,3,3,gift,false
cy_klops_,2022-03-10T20:34:49Z,Tier 1,3,3,recurring,false
blanco178,2022-03-08T16:15:53Z,Tier 1,3,3,recurring,false
mbs_inlive,2022-04-28T14:01:40Z,Tier 1,2,2,gift,false
cbk_kcaps,2022-04-28T14:01:40Z,Tier 1,1,1,gift,false
mar_tina_b,2022-04-27T09:07:43Z,Tier 1,2,2,prime,false
psykook,2022-04-27T15:37:28Z,Tier 1,2,1,prime,false
amistefan,2022-04-27T11:01:04Z,Tier 1,5,2,recurring,false
fmaty,2022-04-28T10:17:22Z,Tier 1,1,1,gift,false
davimatte789,2022-04-26T15:18:33Z,Tier 1,1,1,gift,false
ginzzz_ga,2022-04-28T13:18:35Z,Tier 1,1,1,prime,false
adr_rock,2022-04-28T13:52:41Z,Tier 1,2,2,gift,false
danyele_1003,2022-04-28T10:17:22Z,Tier 1,2,1,gift,false
thecheapestseats,2021-01-25T15:37:17Z,Tier 1,16,16,recurring,false
nicelyse,2022-03-01T12:39:53Z,Tier 1,3,3,recurring,false
sanitarypickle,2021-01-26T14:31:55Z,Tier 1,17,16,recurring,false
feedric,2022-05-16T16:36:15Z,Tier 1,1,1,gift,false
lexlee_12,2022-05-01T09:12:15Z,Tier 1,1,1,gift,false
binsivince,2022-05-03T14:40:15Z,Tier 1,1,1,gift,false
g00bernaut,2022-05-16T15:00:04Z,Tier 1,1,1,prime,false
pullmoll95,2022-05-01T09:07:59Z,Tier 1,14,2,recurring,true
fedemeg,2022-05-01T09:12:14Z,Tier 1,1,1,gift,false
sviiiii2,2022-05-01T09:12:14Z,Tier 1,6,1,gift,false
sfuttite,2022-05-01T11:21:54Z,Tier 1,1,1,gift,false
xspeed87,2022-05-01T11:24:01Z,Tier 1,1,1,gift,false
cuentodehades8,2022-04-21T12:28:35Z,Tier 1,2,1,prime,false
ilsultano_,2022-04-21T10:55:55Z,Tier 1,1,1,gift,false
jallford,2021-06-03T10:04:25Z,Tier 1,12,12,recurring,false
sam_3009,2021-03-14T15:24:34Z,Tier 1,16,16,recurring,false
potatoron_,2022-05-03T10:13:42Z,Tier 1,4,1,gift,true
this_corsi_seri,2022-05-12T13:30:08Z,Tier 1,3,1,gift,false
anncobain93,2022-03-02T13:09:34Z,Tier 1,4,4,recurring,false
imnotdani,2022-05-16T12:45:30Z,Tier 1,3,1,prime,false
flame00789,2022-03-09T17:49:18Z,Tier 1,7,3,recurring,false
joefish5,2022-05-02T15:54:02Z,Tier 1,2,1,gift,false
letmeplay21,2022-05-16T15:24:39Z,Tier 1,1,1,prime,false
gelkoid,2022-04-21T15:24:33Z,Tier 1,5,1,prime,false
amalatv,2022-03-07T16:47:31Z,Tier 1,3,3,recurring,false
lapasaurus,2022-01-17T16:38:52Z,Tier 1,8,6,recurring,false
acar_omerr,2022-04-27T09:21:45Z,Tier 1,13,13,prime,false
bartlet1,2022-01-18T15:49:06Z,Tier 1,5,5,recurring,false
coffeeandoatmilk,2022-02-11T12:55:08Z,Tier 1,5,5,recurring,false
sgerro99,2022-05-05T10:05:05Z,Tier 1,1,1,recurring,false
ccn6,2022-04-25T23:37:44Z,Tier 1,14,12,prime,false
blackangel895,2022-05-12T13:32:23Z,Tier 1,1,1,gift,false
piadinanucleare,2022-05-03T10:13:41Z,Tier 1,1,1,gift,false
alicepentox,2022-05-03T10:14:28Z,Tier 1,2,1,prime,false
wowthisiscoool,2022-05-16T10:18:11Z,Tier 1,6,5,prime,false
fatamoub,2022-05-03T10:13:42Z,Tier 1,2,1,gift,false
span888,2022-05-16T12:08:12Z,Tier 1,2,2,gift,false
bee_michelle,2022-05-12T13:32:23Z,Tier 1,1,1,gift,false
simo954,2022-05-16T09:14:57Z,Tier 1,5,5,prime,false
lanciaplan,2022-05-12T14:14:24Z,Tier 1,1,1,gift,false
darealqueendez,2022-05-12T14:18:53Z,Tier 1,1,1,recurring,false
keemao25,2022-05-03T10:12:33Z,Tier 1,1,1,gift,false
alevonny29,2022-05-03T10:12:33Z,Tier 1,2,2,gift,false
thematx18,2022-05-16T12:07:21Z,Tier 1,1,1,prime,false
rarely_human,2022-05-16T09:16:33Z,Tier 1,1,1,prime,false
exegeteio,2022-05-03T10:12:34Z,Tier 1,1,1,gift,false
annspam,2022-05-03T10:12:34Z,Tier 1,2,1,gift,false
bea_trix12,2022-05-16T09:12:02Z,Tier 1,2,2,prime,false
gino460,2022-05-03T10:12:33Z,Tier 1,1,1,gift,false
furaz,2021-12-15T13:31:50Z,Tier 3,6,6,recurring,false
lorenzo01100011,2022-05-16T10:16:47Z,Tier 1,2,2,recurring,false
seba,2022-05-03T09:33:56Z,Tier 1,1,1,recurring,false
drgesso,2022-05-02T16:46:19Z,Tier 1,1,1,prime,false
angio9211,2022-05-03T09:33:44Z,Tier 1,1,1,gift,false
shubham_the_godfather,2022-05-16T09:05:12Z,Tier 1,9,9,recurring,false
herestia_malveolata,2022-05-13T17:41:19Z,Tier 1,1,1,prime,false
nes919,2022-05-12T14:10:33Z,Tier 1,1,1,gift,false
tzr50race,2022-05-15T22:58:46Z,Tier 1,1,1,prime,false
kymoi,2022-05-02T16:27:04Z,Tier 1,1,1,prime,false
ignisbob,2022-05-16T12:01:59Z,Tier 1,9,2,gift,false
mausmett,2022-05-03T09:33:45Z,Tier 1,1,1,gift,false
manuisagoodguy,2022-05-07T22:49:24Z,Tier 1,1,1,gift,false
micheler24,2022-05-07T19:37:27Z,Tier 1,1,1,gift,false
martajota,2022-04-26T10:44:06Z,Tier 1,4,1,prime,false
kushal_c,2022-04-26T11:08:10Z,Tier 1,8,1,prime,false
m4rgut_,2022-05-12T13:18:47Z,Tier 1,1,1,prime,false
oatmilkabs,2022-04-26T09:31:38Z,Tier 1,4,4,prime,false
enjoycunnix,2022-04-26T09:26:23Z,Tier 1,3,1,prime,false
lotodifiore,2022-04-25T13:44:56Z,Tier 1,1,1,gift,false
astrophsica,2022-04-25T15:23:17Z,Tier 1,1,1,gift,false
mrschwipschwap,2020-12-11T18:08:07Z,Tier 2,19,19,recurring,true
jess_m1991,2022-04-14T14:32:35Z,Tier 2,6,5,recurring,false
bor0xide,2022-05-12T14:10:33Z,Tier 1,1,1,gift,false
alegamer64,2022-05-16T20:44:45Z,Tier 1,1,1,gift,false
sherlink,2022-05-01T11:26:32Z,Tier 1,1,1,gift,false
vtater,2022-05-07T19:53:48Z,Tier 1,4,1,gift,false
andrysport,2022-05-16T16:35:28Z,Tier 1,1,1,gift,false
mcpriest,2022-05-07T22:39:39Z,Tier 1,1,1,gift,false
tylertherandom_,2022-05-12T13:31:38Z,Tier 1,1,1,recurring,false
shadir_,2022-05-17T13:28:16Z,Tier 1,1,1,gift,false
juicybonemilk,2022-04-21T12:30:03Z,Tier 1,2,1,recurring,false
jessrichreads,2022-05-01T11:24:03Z,Tier 1,1,1,gift,false
il__dom,2022-05-01T11:26:32Z,Tier 1,2,1,gift,false
inept_machina,2022-05-17T19:43:38Z,Tier 1,1,1,gift,false
oliverthecowboy,2022-05-03T13:59:36Z,Tier 1,1,1,gift,false
tonicpaolo,2022-05-12T13:31:17Z,Tier 1,1,1,gift,false
marcolino994,2022-05-17T19:43:37Z,Tier 1,1,1,gift,false
cappuccioebrioches,2022-05-02T16:30:55Z,Tier 1,1,1,prime,false
excoors,2022-05-12T13:30:07Z,Tier 1,1,1,gift,false
shishimaru__,2022-05-07T20:38:29Z,Tier 1,1,1,gift,false
strgag,2022-05-03T11:07:33Z,Tier 1,1,1,prime,false
shin0hana,2022-04-21T13:31:01Z,Tier 1,1,1,gift,false
franxex890,2022-05-19T15:29:46Z,Tier 1,1,1,gift,false
kribess_,2022-05-16T16:36:15Z,Tier 1,1,1,gift,false
felipaomeravigliao,2022-05-17T13:28:19Z,Tier 1,1,1,recurring,false
elly78456,2022-04-21T13:31:01Z,Tier 1,14,2,gift,false
coraline___94,2022-05-12T13:32:23Z,Tier 1,1,1,gift,false
yronics,2022-05-12T13:31:09Z,Tier 1,1,1,gift,false
null_pointer_exception__,2022-04-21T14:29:50Z,Tier 1,2,2,recurring,false
aldoav,2022-05-12T13:31:17Z,Tier 1,1,1,gift,false
radar_cs,2022-05-01T09:12:16Z,Tier 1,1,1,gift,false
sara_twix56,2022-04-21T11:39:03Z,Tier 1,1,1,gift,false
maiteduarte,2022-05-17T13:28:34Z,Tier 1,1,1,prime,false
51l3nc3,2022-05-03T14:07:34Z,Tier 1,2,1,prime,false
prateek0508,2022-05-03T14:35:07Z,Tier 1,1,1,gift,false
geauxtama,2022-05-12T13:30:07Z,Tier 1,1,1,gift,false
anthony_jt,2022-05-01T09:12:14Z,Tier 1,1,1,gift,false
alisjea,2022-05-03T10:33:59Z,Tier 1,1,1,gift,false
lasagnabolognese96,2022-05-07T21:44:54Z,Tier 1,1,1,prime,false
selltinho,2022-05-11T09:14:12Z,Tier 1,1,1,gift,false
fatenzzzz,2022-05-01T11:21:27Z,Tier 1,1,1,gift,false
milkyafk,2022-04-21T13:32:13Z,Tier 1,1,1,gift,false
vlade8923,2022-05-17T13:29:21Z,Tier 1,1,1,recurring,false
18pixel,2022-05-01T09:12:14Z,Tier 1,1,1,gift,false
acnor,2022-04-21T12:30:11Z,Tier 1,2,2,gift,false
hymmp,2022-05-17T13:26:26Z,Tier 1,1,1,prime,false
unrulyguido,2022-04-21T12:30:11Z,Tier 1,1,1,gift,false
leshorty__,2022-05-01T10:55:38Z,Tier 1,8,1,gift,false
mattesmad,2022-05-16T14:29:54Z,Tier 1,1,1,gift,false
roberto_rossodivita,2022-05-03T08:53:56Z,Tier 1,1,1,recurring,false
marcygowl,2022-05-07T19:38:07Z,Tier 1,3,1,prime,false
altered87,2022-05-17T20:03:39Z,Tier 1,1,1,prime,false
paniamaru,2022-05-07T20:38:29Z,Tier 1,1,1,gift,false
lkoewing,2022-05-16T16:36:15Z,Tier 1,6,1,gift,false
athkir,2022-04-24T09:42:57Z,Tier 1,2,2,gift,false
simopax,2022-05-09T15:45:01Z,Tier 1,1,1,gift,false
krestencarr,2022-05-01T09:39:37Z,Tier 1,15,1,prime,false
kruemel_kreide,2022-05-17T13:27:42Z,Tier 1,1,1,gift,false
soft_spoken_nights,2022-05-12T13:30:07Z,Tier 1,3,1,gift,false
shikayx92,2022-05-16T20:44:46Z,Tier 1,1,1,gift,false
gxbrielemmi,2022-05-07T22:41:46Z,Tier 1,1,1,prime,false
danilocoz,2022-05-03T11:01:20Z,Tier 1,1,1,recurring,false
maestr0_123,2022-05-03T10:55:36Z,Tier 1,1,1,gift,false
sugoimaki,2022-05-19T15:29:46Z,Tier 1,2,1,gift,false
tanowar,2022-05-01T11:21:54Z,Tier 1,1,1,gift,false
primalinstinct7,2022-05-01T11:21:54Z,Tier 1,1,1,gift,false
alpacakd,2022-04-25T11:06:43Z,Tier 1,1,1,prime,false
ansabeks,2022-05-07T21:33:57Z,Tier 1,1,1,gift,false
floatingyuzu,2022-04-21T12:30:13Z,Tier 1,1,1,gift,false
j4ckopss,2022-05-19T15:29:46Z,Tier 1,1,1,gift,false
beagain0,2022-05-19T15:29:46Z,Tier 1,1,1,gift,false
henrycogo05,2022-04-21T13:40:12Z,Tier 1,1,1,gift,false
federick007,2022-05-16T20:40:57Z,Tier 1,1,1,prime,false
nicopier01,2022-05-17T13:19:32Z,Tier 1,1,1,gift,false
rog0o,2022-05-03T14:10:14Z,Tier 1,1,1,recurring,false
ernesttrutherford,2022-04-24T13:05:08Z,Tier 1,3,1,prime,false
rafasfungas,2022-05-12T13:33:45Z,Tier 1,1,1,gift,false
kuru_gang,2022-04-21T15:24:35Z,Tier 1,2,2,recurring,false
simsid23,2022-05-01T11:21:54Z,Tier 1,1,1,gift,false
juanca97_,2022-05-16T20:44:46Z,Tier 1,2,1,gift,false
pranayyy,2022-04-24T10:11:49Z,Tier 1,3,1,gift,false
barbons98,2022-05-12T14:10:33Z,Tier 1,1,1,gift,false
phirw,2022-05-03T12:40:07Z,Tier 1,5,1,prime,false
thelesca,2022-05-16T13:56:50Z,Tier 1,12,3,prime,false
jollyy9,2022-05-07T22:36:12Z,Tier 1,7,1,prime,false
justcallmegabe,2022-04-21T16:20:21Z,Tier 1,1,1,gift,false
venzo_rulez,2022-05-16T20:44:46Z,Tier 1,1,1,gift,false
nuc1earpasta777,2022-05-17T13:24:18Z,Tier 1,1,1,recurring,false
gabboonee,2022-04-21T14:04:27Z,Tier 1,2,2,gift,false
reddarktube,2022-04-24T15:33:49Z,Tier 1,9,2,prime,false
menny_07,2022-05-17T13:18:37Z,Tier 1,1,1,recurring,false
jacopocama,2022-04-21T12:30:13Z,Tier 1,1,1,gift,false
elam12,2022-05-02T15:54:01Z,Tier 1,1,1,gift,false
frank_corcy,2022-05-16T20:42:31Z,Tier 1,1,1,prime,false
cyp_criminal,2022-05-07T20:04:06Z,Tier 1,6,1,gift,false
sharhy_,2022-04-21T13:45:39Z,Tier 1,2,2,gift,false
isadote,2022-05-17T19:55:50Z,Tier 1,1,1,prime,false
melodydev,2022-05-16T20:44:46Z,Tier 1,1,1,gift,false
david_z_01,2022-05-03T15:11:10Z,Tier 1,1,1,prime,false
tux_pt,2022-05-01T11:26:32Z,Tier 1,1,1,gift,false
matthew_3005_,2022-05-07T20:38:29Z,Tier 1,1,1,gift,false
pelouzada,2022-04-21T13:31:01Z,Tier 1,2,2,gift,false
greplogic,2022-05-12T13:31:17Z,Tier 1,1,1,gift,false
charlot630,2022-05-17T13:20:07Z,Tier 1,1,1,recurring,false
mare327,2022-05-16T16:36:15Z,Tier 1,1,1,gift,false
catanzaro_sniperzz,2022-05-03T14:38:32Z,Tier 1,1,1,gift,false
heyhamlin,2022-05-09T10:21:28Z,Tier 1,3,1,gift,false
trackeru,2022-05-05T09:29:36Z,Tier 1,7,1,recurring,false
doctor_van_sad,2022-05-09T10:19:04Z,Tier 1,1,1,gift,false
igua,2022-05-09T10:19:04Z,Tier 1,1,1,gift,false
theludente_giovanni,2022-05-02T10:14:50Z,Tier 1,1,1,prime,false
vmarquezdev,2022-05-03T11:47:43Z,Tier 1,3,1,prime,false
francescostartari,2022-05-04T15:37:37Z,Tier 1,1,1,prime,false
automaniak,2022-05-09T17:17:49Z,Tier 1,1,1,gift,false
cerebrimbor_,2022-05-01T11:27:46Z,Tier 1,2,1,gift,false
whiskeyproposition,2022-05-01T15:02:18Z,Tier 1,2,1,prime,false
tony1k2o,2022-05-01T22:46:04Z,Tier 1,3,1,gift,false
dianhuaphreaker,2022-05-09T14:54:54Z,Tier 1,1,1,gift,false
mrgilga,2022-05-09T10:20:28Z,Tier 1,1,1,gift,false
divisionescapertc,2022-05-09T12:10:13Z,Tier 1,2,1,recurring,false
ninjasmiler,2022-05-09T14:55:30Z,Tier 1,1,1,recurring,false
andr3wcs_,2022-05-07T19:36:04Z,Tier 1,1,1,gift,false
zocch97,2022-05-09T14:54:54Z,Tier 1,1,1,gift,false
alens0105,2022-05-09T12:18:03Z,Tier 1,6,1,prime,false
roronoa_24,2022-05-07T19:37:27Z,Tier 1,1,1,gift,false
ssatsukiisan,2022-05-02T09:22:58Z,Tier 1,1,1,gift,false
riccarfa,2022-05-01T22:45:52Z,Tier 1,1,1,gift,false
sokuri_,2022-05-07T21:18:58Z,Tier 1,4,1,recurring,false
michiamanofra,2022-05-01T22:41:06Z,Tier 1,1,1,prime,false
loroadsimracing,2022-05-17T14:22:32Z,Tier 1,4,1,prime,false
mary_bunstiftno1,2022-05-01T11:24:01Z,Tier 1,6,1,gift,false
parrods93,2022-05-07T21:15:41Z,Tier 1,3,1,prime,false
zeriuslyog,2022-04-21T15:28:58Z,Tier 1,2,2,gift,false
ghoulsie,2022-05-07T22:19:51Z,Tier 1,2,1,recurring,false
ptkkkcsgo,2022-05-17T10:55:39Z,Tier 1,1,1,recurring,false
theonlypotato310,2022-05-03T11:06:01Z,Tier 1,1,1,gift,false
beatsviii,2022-05-05T12:49:32Z,Tier 1,1,1,gift,false
yonahduarte,2022-05-09T14:58:51Z,Tier 1,1,1,gift,false
comicsvibes,2022-05-09T17:17:27Z,Tier 1,1,1,gift,false
rebelwolf23,2022-05-09T17:13:47Z,Tier 1,3,1,gift,false
simo1601,2022-05-02T11:17:32Z,Tier 1,1,1,prime,false
thegoodfailers,2022-05-05T13:24:29Z,Tier 1,1,1,recurring,false
jtone2,2022-05-05T09:30:52Z,Tier 1,1,1,gift,false
kxlier,2022-05-07T23:54:06Z,Tier 1,11,1,recurring,false
baraondaparty,2022-05-09T17:15:34Z,Tier 1,1,1,gift,false
guroguro11,2022-05-09T10:20:28Z,Tier 1,1,1,gift,false
flapears,2022-05-09T17:13:47Z,Tier 1,1,1,gift,false
iryugi,2022-05-09T17:07:46Z,Tier 1,1,1,gift,false
tommycrz,2022-05-03T11:06:38Z,Tier 1,1,1,prime,false
fabio92x,2022-05-02T10:07:28Z,Tier 1,3,1,recurring,false
dulema,2022-05-02T13:12:28Z,Tier 1,3,1,prime,false
natiy_natyz,2022-05-05T09:35:50Z,Tier 1,2,1,gift,false
lucjk,2022-05-05T10:10:07Z,Tier 1,2,1,gift,false
ultravergogna,2022-05-09T17:07:47Z,Tier 1,1,1,gift,false
gjohnson995,2022-05-08T13:36:02Z,Tier 1,4,1,prime,false
jacoo96,2022-05-12T14:10:31Z,Tier 1,1,1,gift,false
davex982,2022-05-05T10:10:06Z,Tier 1,1,1,gift,false
tiagodocondado,2022-05-01T11:27:45Z,Tier 1,4,1,gift,false
livdiaas,2022-05-02T15:21:03Z,Tier 1,1,1,gift,false
felice_faiola,2022-05-09T10:20:28Z,Tier 1,1,1,gift,false
samuel_an_overthinker,2022-05-11T14:27:56Z,Tier 1,3,3,prime,false
shannonlstories,2022-05-05T09:29:44Z,Tier 1,1,1,recurring,false
matteo78it,2022-05-09T10:21:28Z,Tier 1,2,2,gift,false
voculae,2022-05-09T17:07:46Z,Tier 1,1,1,gift,false
vanstefaneli,2022-05-05T11:41:18Z,Tier 1,2,2,prime,false
unonove,2022-05-09T17:12:19Z,Tier 1,1,1,gift,false
nilesian,2022-05-09T10:19:04Z,Tier 1,3,1,gift,false
aham_brahmasm1,2022-05-09T17:07:46Z,Tier 1,2,1,gift,false
bladepina,2022-05-02T09:52:31Z,Tier 1,2,1,prime,false
ado69420,2022-05-09T10:21:28Z,Tier 1,1,1,gift,false
davide_lp,2022-05-17T09:28:01Z,Tier 1,3,1,prime,false
bonoraa,2022-05-12T14:10:33Z,Tier 1,1,1,gift,false
ilsignorbartoli,2022-05-12T14:10:31Z,Tier 1,2,1,gift,false
l0rdkelvin,2022-05-12T14:10:34Z,Tier 1,1,1,gift,false
taquitoterra,2022-05-10T13:32:54Z,Tier 1,2,1,gift,false
mrbrain101421,2022-05-09T17:16:48Z,Tier 1,1,1,gift,false
spartanvortex,2022-05-09T17:10:27Z,Tier 1,1,1,gift,false
tediouss_,2022-05-17T11:28:39Z,Tier 1,12,12,prime,false
mattbarbon,2022-05-09T17:15:34Z,Tier 1,1,1,gift,false
reeasn,2022-05-02T15:20:21Z,Tier 1,2,1,prime,false
goruuuuuuuuuuuuuuuuuuuuuu,2022-05-09T17:13:47Z,Tier 1,1,1,gift,false
itsender_z,2022-05-09T17:07:46Z,Tier 1,1,1,gift,false
tuner_arc,2022-05-02T15:21:03Z,Tier 1,1,1,gift,false
lukdog8,2022-05-02T15:50:24Z,Tier 1,1,1,recurring,false
arkra212,2022-05-09T17:15:34Z,Tier 1,3,1,gift,false
fritzmaillot,2022-05-02T15:21:03Z,Tier 1,2,1,gift,false
1dhalism,2022-05-02T15:21:03Z,Tier 1,3,2,gift,false
gioee,2022-05-05T12:49:32Z,Tier 1,6,2,gift,false
rameez200,2022-05-10T10:48:26Z,Tier 1,1,1,prime,false
lilpeep_xvi,2022-05-09T17:08:27Z,Tier 1,1,1,gift,false
francescodellacorte1,2022-05-09T17:15:34Z,Tier 1,1,1,gift,false
alexia2k,2022-05-12T13:32:23Z,Tier 1,1,1,gift,false
haploeco,2022-05-10T13:10:16Z,Tier 1,9,1,recurring,false
corbinssss,2022-05-10T10:05:24Z,Tier 1,2,2,prime,false
jtaz_,2022-05-11T09:32:13Z,Tier 1,1,1,gift,false
iceowl,2022-05-09T15:12:50Z,Tier 1,1,1,prime,false
popsm11,2022-05-05T09:16:43Z,Tier 1,3,3,prime,false
marioelxanclas,2022-05-05T10:27:00Z,Tier 1,2,1,prime,false
riivittu,2022-05-09T14:58:51Z,Tier 1,1,1,gift,false
krwobooks,2022-05-18T12:11:49Z,Tier 1,1,1,recurring,false
giantit,2022-05-05T09:23:00Z,Tier 1,1,1,gift,false
distergist,2022-05-09T17:15:34Z,Tier 1,2,1,gift,false
uma_bea,2022-04-25T11:39:45Z,Tier 1,1,1,gift,false
pancakeassassino,2022-05-02T14:17:30Z,Tier 1,1,1,prime,false
archimedeassistenza68,2022-05-12T13:33:47Z,Tier 1,1,1,gift,false
sassoideh,2022-05-11T15:57:09Z,Tier 1,1,1,gift,false
diabeticbeluga,2022-05-09T17:16:47Z,Tier 1,1,1,gift,false
apocaholic_anon,2022-04-25T09:54:31Z,Tier 1,3,1,gift,false
lore_e_,2022-05-09T10:19:33Z,Tier 1,1,1,gift,false
kuro_akechi,2022-05-05T14:41:25Z,Tier 1,1,1,recurring,false
luisjann,2022-05-04T15:26:20Z,Tier 1,1,1,gift,false
aurelia_p97,2022-05-11T17:05:07Z,Tier 1,1,1,recurring,false
pontebasso,2022-05-12T11:14:36Z,Tier 1,1,1,gift,false
cicciodeg9,2022-05-12T14:10:32Z,Tier 1,1,1,gift,false
renthiz,2022-04-25T09:54:31Z,Tier 1,1,1,gift,false
fla_,2022-05-12T13:32:24Z,Tier 1,4,1,gift,false
hadensc,2022-05-12T13:32:25Z,Tier 1,1,1,gift,false
zerogiorni,2022-05-12T13:26:44Z,Tier 1,1,1,gift,false
mayitocaro,2022-05-18T19:55:27Z,Tier 1,3,1,prime,false
dacian_,2022-05-11T15:02:39Z,Tier 1,1,1,prime,false
art_of_trade,2022-05-11T14:31:34Z,Tier 1,1,1,prime,false
blancherr,2022-04-25T09:54:32Z,Tier 1,2,1,gift,false
nicomoraa,2022-05-12T14:10:31Z,Tier 1,1,1,gift,false
er_n3st,2022-05-12T13:35:33Z,Tier 1,1,1,gift,false
riden23,2022-05-12T13:33:46Z,Tier 1,1,1,gift,false
armitagelovelace,2022-04-25T09:47:00Z,Tier 1,5,3,prime,false
pedrosnp_,2022-05-16T12:19:23Z,Tier 1,2,2,gift,false
ardanxele,2022-05-12T11:14:36Z,Tier 1,1,1,gift,false
nolaano,2022-05-18T14:12:45Z,Tier 1,1,1,gift,false
mbaxterx,2022-04-25T12:42:17Z,Tier 1,4,1,prime,false
thatfatgreg,2022-05-05T14:08:04Z,Tier 1,1,1,recurring,false
cromage1,2022-05-09T10:19:33Z,Tier 1,1,1,gift,false
edned_xxi,2022-05-12T13:35:34Z,Tier 1,1,1,gift,false
jimmy_sb,2022-05-19T14:00:03Z,Tier 1,1,1,gift,false
evilvirus88,2022-05-12T11:45:49Z,Tier 1,1,1,gift,false
jacob_0207,2022-05-17T20:47:54Z,Tier 1,2,1,prime,false
gabripolla,2022-05-12T13:32:25Z,Tier 1,2,2,gift,false
therealpedropony,2022-05-18T09:45:13Z,Tier 1,1,1,prime,false
nnnkde,2022-05-19T14:00:37Z,Tier 1,1,1,gift,false
slimsamil,2022-04-25T09:54:31Z,Tier 1,1,1,gift,false
jxson_2016,2022-05-11T14:59:57Z,Tier 1,8,3,recurring,false
clem_and_unicorn,2022-05-12T13:33:46Z,Tier 1,7,1,gift,false
dwarug,2022-05-12T14:10:33Z,Tier 1,1,1,gift,false
whyamiheregodplease,2022-05-06T13:04:49Z,Tier 1,6,4,recurring,false
senzadio,2022-05-17T20:53:31Z,Tier 1,1,1,gift,false
niubb,2022-05-12T14:10:31Z,Tier 1,2,1,gift,false
intimidatroia,2022-05-04T13:54:23Z,Tier 1,3,3,prime,false
michelecyndonaquill,2022-05-12T14:10:33Z,Tier 1,1,1,gift,false
gaudy_mends,2022-05-12T11:45:49Z,Tier 1,1,1,gift,false
t0ny_5t4rk,2022-05-01T22:43:44Z,Tier 1,1,1,recurring,false
gschiidli,2022-05-09T17:08:49Z,Tier 1,1,1,prime,false
heavnscloud,2022-05-19T15:29:46Z,Tier 1,1,1,gift,false
noayd_,2022-05-12T14:10:31Z,Tier 1,1,1,gift,false
kobayashisan_,2022-05-18T13:07:56Z,Tier 1,1,1,prime,false
nicsharrock,2022-05-16T20:45:29Z,Tier 1,2,1,gift,false
bollentea3km,2022-05-17T09:12:55Z,Tier 1,1,1,prime,false
manuuxo,2022-05-12T14:10:33Z,Tier 1,1,1,gift,false
dantinkers,2022-05-12T14:10:33Z,Tier 1,1,1,gift,false
avecabdel,2022-05-11T15:55:55Z,Tier 1,1,1,prime,false
quietcreative,2022-04-25T09:54:32Z,Tier 1,2,2,gift,false
batu_hanlxrd,2022-04-21T13:40:12Z,Tier 1,2,2,gift,false
pipsqueak_squid,2022-05-12T14:10:34Z,Tier 1,1,1,gift,false
stheinfre,2022-05-12T14:15:20Z,Tier 1,1,1,gift,false
gabogomez0,2022-05-12T15:36:05Z,Tier 1,2,1,prime,false
kingadonis11,2022-05-02T15:54:01Z,Tier 1,1,1,gift,false
marcofine,2022-05-12T14:15:20Z,Tier 1,1,1,gift,false
clara__costa,2022-04-21T13:45:39Z,Tier 1,2,1,gift,false
ferromat99,2022-05-12T14:18:55Z,Tier 1,3,2,recurring,false
ribbel97,2022-05-19T15:55:14Z,Tier 1,1,1,prime,false
graziepiccolo,2022-05-12T14:10:34Z,Tier 1,1,1,gift,false
phenomcapri,2022-05-03T09:33:44Z,Tier 1,1,1,gift,false
antolucanelli,2022-04-25T09:54:33Z,Tier 1,2,2,gift,false
wjolol,2022-05-02T15:54:01Z,Tier 1,1,1,gift,false
an3aa,2022-04-21T12:30:11Z,Tier 1,1,1,gift,false
miky7499,2022-05-02T15:54:01Z,Tier 1,4,1,gift,false
nerdylandit,2022-05-02T16:16:27Z,Tier 1,1,1,recurring,false
westsidebrodi,2022-05-12T14:10:33Z,Tier 1,1,1,gift,false
reik998,2022-04-21T16:20:21Z,Tier 1,1,1,gift,false
pirotto8,2022-05-01T09:14:11Z,Tier 1,5,1,gift,false
kun0100,2022-05-17T19:43:37Z,Tier 1,1,1,gift,false
kingmikeytendo,2022-04-25T09:54:32Z,Tier 1,2,2,gift,false
markildoc,2022-05-01T22:45:52Z,Tier 1,1,1,gift,false
general_army_,2022-05-19T10:06:22Z,Tier 1,1,1,prime,false
pastrextv,2022-05-04T15:22:50Z,Tier 1,1,1,prime,false
stendhal2,2022-04-25T10:07:47Z,Tier 1,2,1,prime,false
viso3000,2022-05-18T19:46:12Z,Tier 1,1,1,prime,false
gim_gam57,2022-05-07T19:34:12Z,Tier 1,1,1,gift,false
dj3xample,2022-05-01T18:54:02Z,Tier 1,5,1,prime,false
daddi_13,2022-05-17T20:53:32Z,Tier 1,1,1,gift,false
fedepi98,2022-05-09T17:15:35Z,Tier 1,1,1,gift,false
rk_studios,2022-05-05T12:49:32Z,Tier 1,2,1,gift,false
putomiudo,2022-05-12T13:32:24Z,Tier 1,12,1,gift,false
mirkomonza,2022-05-19T12:29:22Z,Tier 1,2,1,gift,false
filmsrosie,2022-05-19T11:52:53Z,Tier 1,10,1,gift,false
notdalai,2022-05-07T20:38:29Z,Tier 1,1,1,gift,false
ertento,2022-05-18T20:58:49Z,Tier 1,1,1,prime,false
angry_panda_15,2022-05-12T13:26:44Z,Tier 1,4,1,gift,false
flashe_waters,2022-05-05T12:26:43Z,Tier 1,1,1,prime,false
wcandlecompany,2022-04-25T12:43:32Z,Tier 1,1,1,recurring,false
denuviel,2022-05-18T12:53:23Z,Tier 1,1,1,prime,false
iulian_k,2022-04-25T13:48:57Z,Tier 1,1,1,gift,false
potpot_ux,2022-05-17T20:53:32Z,Tier 1,4,1,gift,false
crazy__wizard,2022-05-09T10:21:30Z,Tier 1,1,1,gift,false
ghireikhan,2022-05-01T20:45:53Z,Tier 1,1,1,recurring,false
aleildrago,2022-05-07T19:37:27Z,Tier 1,1,1,gift,false
puky274,2022-05-11T10:09:07Z,Tier 1,1,1,recurring,false
saylessxxz,2022-05-17T16:07:17Z,Tier 1,3,2,recurring,false
zed_84,2022-05-19T15:28:00Z,Tier 1,1,1,gift,false
arrig22,2022-05-19T15:29:46Z,Tier 1,1,1,gift,false
ziocarlo93,2022-05-19T10:32:10Z,Tier 1,1,1,recurring,false
seergente,2022-05-01T11:27:45Z,Tier 1,1,1,gift,false
elenafrassine_,2022-05-02T09:22:58Z,Tier 1,6,1,gift,false
yvesbastos1,2022-04-25T12:37:07Z,Tier 1,7,1,prime,false
st3_fa_no,2022-05-02T09:33:04Z,Tier 1,1,1,gift,false
profilo_errante_di_howl,2022-05-16T20:44:45Z,Tier 1,1,1,gift,false
the_martin_,2022-05-17T19:43:37Z,Tier 1,1,1,gift,false
thelive_1,2022-05-01T11:27:45Z,Tier 1,1,1,gift,false
latavernadelcacciatore,2022-05-12T11:34:35Z,Tier 1,1,1,recurring,false
nickydpreez,2022-05-02T15:52:51Z,Tier 1,1,1,gift,false
barbarinha,2022-05-16T14:29:54Z,Tier 1,2,2,gift,false
ninjacan,2022-05-04T15:25:21Z,Tier 1,1,1,gift,false
picopicudo,2022-05-01T22:45:52Z,Tier 1,1,1,gift,false
anderssoonnn,2022-05-12T14:10:33Z,Tier 1,1,1,gift,false
lelokawasaki,2022-05-09T13:08:26Z,Tier 1,1,1,prime,false
vkingplays,2022-05-17T19:43:37Z,Tier 1,1,1,gift,false
double_g_44,2022-05-07T19:36:04Z,Tier 1,1,1,gift,false
il_toni__,2022-05-09T21:12:01Z,Tier 1,4,1,prime,false
mvenom17,2022-05-19T11:18:03Z,Tier 1,1,1,prime,false
nr1juicebox,2022-05-01T22:42:54Z,Tier 1,1,1,gift,false
lalapathan,2022-04-25T13:41:27Z,Tier 1,8,1,prime,false
ostermade,2022-05-09T14:24:22Z,Tier 1,1,1,recurring,false
kirilion_,2022-05-19T09:22:48Z,Tier 1,1,1,prime,false
al1fini,2022-05-12T14:10:33Z,Tier 1,1,1,gift,false
ladytemptress,2022-04-25T09:54:31Z,Tier 1,3,3,gift,false
phenixbane,2022-03-07T21:13:18Z,Tier 3,16,3,recurring,false
nyryus,2022-05-19T15:29:46Z,Tier 1,1,1,gift,false
samuele_if,2022-04-26T13:46:27Z,Tier 1,1,1,prime,false
heyoitsrose,2022-05-19T11:52:53Z,Tier 1,4,1,gift,false
lamicodiconquat,2022-05-12T14:10:31Z,Tier 1,1,1,gift,false
adrianbozzetto,2022-05-09T14:17:13Z,Tier 1,1,1,prime,false
danielestel,2022-05-07T19:37:27Z,Tier 1,1,1,gift,false
lacapary,2021-03-28T16:18:54Z,Tier 3,15,15,recurring,false
molise7,2022-05-19T11:52:53Z,Tier 1,1,1,gift,false
il_vecchio_sam,2022-05-19T11:52:53Z,Tier 1,1,1,gift,false
cheesusc,2022-04-26T13:45:20Z,Tier 1,2,1,prime,false
mightysha0,2022-05-19T15:29:47Z,Tier 1,1,1,gift,false
vamoraga7,2022-05-07T19:34:11Z,Tier 1,1,1,gift,false
zaza9010,2022-05-09T16:07:17Z,Tier 1,2,1,prime,false
spiridick,2022-05-12T14:10:31Z,Tier 1,1,1,gift,false
thomassssgz,2022-05-09T17:18:15Z,Tier 1,1,1,gift,false
leobulf3,2022-04-26T09:30:21Z,Tier 1,1,1,prime,false
ritarocha18,2022-04-25T11:17:04Z,Tier 1,1,1,prime,false
bambuccia19,2022-05-07T19:34:11Z,Tier 1,2,1,gift,false
elebar,2022-05-09T14:58:21Z,Tier 1,1,1,prime,false
goppy00,2022-05-19T09:23:17Z,Tier 1,1,1,prime,false
gb_countrygirl,2022-04-25T09:54:34Z,Tier 1,1,1,gift,false
peppa_a_a,2022-05-09T14:11:12Z,Tier 1,2,1,prime,false
jianlucah,2022-05-05T12:49:32Z,Tier 1,1,1,gift,false
is3n,2022-04-25T09:54:32Z,Tier 1,1,1,gift,false
ev21007,2022-05-19T08:32:08Z,Tier 1,2,1,recurring,false
loukasm,2022-05-07T19:36:04Z,Tier 1,1,1,gift,false
mikellei,2022-05-12T14:10:31Z,Tier 1,1,1,gift,false
imriky16,2022-05-07T19:36:04Z,Tier 1,2,1,gift,false
okk8y,2022-04-26T12:27:06Z,Tier 1,1,1,prime,false
darkazuyaa,2022-05-19T14:00:04Z,Tier 1,1,1,gift,false
gatsbycat22,2022-05-07T21:20:11Z,Tier 1,2,1,recurring,false
sciame,2022-05-07T19:37:27Z,Tier 1,1,1,gift,false
zileo02,2022-05-09T17:15:34Z,Tier 1,1,1,gift,false
tteo000,2022-05-04T15:23:55Z,Tier 1,1,1,gift,false
matty_pepito26,2022-05-06T13:28:07Z,Tier 1,6,2,recurring,false
diir26,2022-05-19T09:24:07Z,Tier 1,1,1,gift,false
crizpeto,2022-05-07T19:36:04Z,Tier 1,4,1,gift,false
zosterhv,2022-05-05T14:37:33Z,Tier 1,1,1,prime,false
jeckychen,2022-05-02T15:49:35Z,Tier 1,1,1,gift,false
lemonblush,2022-05-01T11:31:58Z,Tier 1,1,1,recurring,false
jeffbezospsa1,2022-05-05T09:28:26Z,Tier 1,1,1,gift,false
subumorningstar,2022-05-09T17:15:34Z,Tier 1,2,1,gift,false
giacomo742,2022-04-25T09:54:31Z,Tier 1,4,1,gift,false
badllama6,2022-05-07T19:34:11Z,Tier 1,2,1,gift,false
nyxkrage,2022-05-05T11:27:43Z,Tier 1,1,1,gift,false
jogabogole,2022-05-19T14:00:04Z,Tier 1,1,1,gift,false
andre_roof16,2022-05-02T09:22:58Z,Tier 1,1,1,gift,false
ciusiappi,2022-05-05T09:28:30Z,Tier 1,1,1,prime,false
ohjamille,2022-05-12T13:36:17Z,Tier 1,1,1,gift,false
upthepunks_,2022-05-05T13:21:20Z,Tier 1,12,2,prime,false
santexge,2022-05-09T17:16:49Z,Tier 1,1,1,gift,false
nikkeddd,2022-04-25T15:38:10Z,Tier 1,1,1,prime,false
gabgriele,2022-05-02T15:20:03Z,Tier 1,1,1,recurring,false
pineboxj,2022-05-12T14:10:31Z,Tier 1,1,1,gift,false
kevggez,2022-05-02T15:50:03Z,Tier 1,1,1,recurring,false
themirkeja,2022-04-25T09:54:32Z,Tier 1,1,1,gift,false
zaraaloha,2022-04-25T12:42:15Z,Tier 1,1,1,prime,false
s3k1r0,2022-05-09T17:16:48Z,Tier 1,1,1,gift,false
nannitwitch,2022-05-19T10:32:48Z,Tier 1,3,1,gift,false
rolfe__,2022-05-01T09:15:45Z,Tier 1,1,1,prime,false
barba__bianca,2022-05-12T13:26:43Z,Tier 1,1,1,gift,false
petronioarbitro,2022-05-16T20:44:47Z,Tier 1,1,1,gift,false
tabris_sephir,2022-05-01T22:42:54Z,Tier 1,2,1,gift,false
nicholaspoz,2022-05-04T15:05:16Z,Tier 1,1,1,gift,false
serpic0gls,2022-05-01T22:46:04Z,Tier 1,2,1,gift,false
nicolemariie29,2022-04-25T09:54:32Z,Tier 1,1,1,gift,false
elone_muskio,2022-05-19T09:24:14Z,Tier 1,1,1,recurring,false
thiagoandrea,2022-05-12T13:33:45Z,Tier 1,1,1,gift,false
frecklesimmer,2022-04-25T10:17:19Z,Tier 1,3,1,prime,false
hplumos,2022-04-25T09:43:36Z,Tier 1,6,1,prime,false
iceburg2k,2022-04-25T09:54:31Z,Tier 1,1,1,gift,false
anzianoski,2022-05-09T17:16:47Z,Tier 1,1,1,gift,false
danielpavanel76,2022-05-12T12:47:35Z,Tier 1,1,1,prime,false
helgrin_,2022-05-12T14:10:33Z,Tier 1,1,1,gift,false
julius1492,2022-05-09T10:19:04Z,Tier 1,1,1,gift,false
dario_ni,2022-05-09T14:58:51Z,Tier 1,2,1,gift,false
fsociety_93,2022-05-18T12:25:19Z,Tier 1,2,2,gift,false
madin204,2022-05-19T11:52:53Z,Tier 1,1,1,gift,false
pormat93,2022-05-01T11:27:45Z,Tier 1,1,1,gift,false
filisilva,2022-05-02T09:15:26Z,Tier 1,3,1,prime,false
mpdj70,2022-05-09T17:16:47Z,Tier 1,1,1,gift,false
xlightfeccia,2022-05-11T11:12:14Z,Tier 1,1,1,gift,false
jacobsm1,2022-05-09T17:07:46Z,Tier 1,1,1,gift,false
ilaria_noitsbecky,2022-05-04T13:00:49Z,Tier 1,3,1,recurring,false
praesident_mchammergeil,2022-04-25T10:08:47Z,Tier 1,1,1,recurring,false
kambowl19,2022-05-09T17:15:34Z,Tier 1,1,1,gift,false
clara_z,2022-04-25T10:09:48Z,Tier 1,3,1,recurring,false
gabri_86,2022-05-12T11:45:49Z,Tier 1,1,1,gift,false
rafaelagodoy,2022-04-26T11:53:20Z,Tier 1,3,2,gift,false
xgiorgia22,2022-05-05T12:51:36Z,Tier 1,1,1,gift,false
sgrull,2022-05-17T13:27:48Z,Tier 1,1,1,gift,false
astroandgalaxies,2022-05-02T12:20:28Z,Tier 1,3,1,prime,false
supergiiirl91,2022-05-12T13:30:07Z,Tier 1,3,1,gift,false
sirius_blaze,2022-05-09T17:07:46Z,Tier 1,1,1,gift,false
estherwars,2022-04-26T11:00:21Z,Tier 1,2,1,prime,false
tisabay,2022-04-26T11:53:21Z,Tier 1,1,1,gift,false
felixbaumgaertner,2022-05-09T10:19:04Z,Tier 1,1,1,gift,false
its_alset,2022-05-12T14:10:33Z,Tier 1,1,1,gift,false
pabloopos2022,2022-04-25T10:03:08Z,Tier 1,1,1,gift,false
dahnova,2022-05-03T09:33:44Z,Tier 1,1,1,gift,false
asdrubaletirchietto,2022-05-19T15:29:46Z,Tier 1,9,1,gift,false
pinoiltombino,2022-05-02T15:45:11Z,Tier 1,1,1,prime,false
ronda_notturna,2022-05-05T10:10:07Z,Tier 1,1,1,gift,false
maddyflorenza,2022-05-04T15:21:40Z,Tier 1,1,1,prime,false
higgs_16,2022-05-04T15:25:21Z,Tier 1,1,1,gift,false
plagz1,2022-05-09T14:56:42Z,Tier 1,1,1,gift,false
basic292,2022-05-11T13:07:33Z,Tier 1,3,1,prime,false
fabiobis,2022-05-05T10:10:07Z,Tier 1,1,1,gift,false
pizzetta__,2022-05-12T11:48:05Z,Tier 1,1,1,gift,false
studytme,2020-11-09T12:58:12Z,Tier 3,19,19,recurring,false
chiamamiguaro,2022-05-05T09:30:52Z,Tier 1,1,1,recurring,false
agent_alpaca,2022-05-01T22:45:52Z,Tier 1,1,1,gift,false
awersbro,2022-05-05T09:23:36Z,Tier 1,1,1,prime,false
dan_werrit,2022-05-09T13:05:44Z,Tier 1,1,1,recurring,false
ecliffe,2022-05-04T13:35:03Z,Tier 1,1,1,gift,false
stgabriel_,2022-05-09T13:40:07Z,Tier 1,1,1,prime,false
esy33,2022-05-05T09:23:00Z,Tier 1,1,1,gift,false
lolkieji,2022-05-09T14:57:11Z,Tier 1,1,1,gift,false
bryansp,2022-05-09T10:21:29Z,Tier 1,2,1,gift,false
samuele_desposito,2022-05-09T17:16:47Z,Tier 1,1,1,gift,false
gaiapzz,2022-05-05T10:10:06Z,Tier 1,1,1,gift,false
xxxxmarcoxxxx,2022-05-19T14:56:01Z,Tier 1,1,1,recurring,false
k1kuz,2022-05-09T10:25:03Z,Tier 1,1,1,gift,false
xen996,2022-05-01T19:37:59Z,Tier 1,3,2,prime,false
misskoffein,2022-05-05T09:34:30Z,Tier 1,1,1,recurring,false
fawxuk,2022-05-12T14:10:31Z,Tier 1,1,1,gift,false
isabellany27,2022-05-10T14:05:42Z,Tier 1,1,1,prime,false
a_blake17,2022-05-01T22:42:54Z,Tier 1,1,1,gift,false
lucamato,2022-05-11T09:22:28Z,Tier 1,1,1,prime,false
hawk3ntv,2022-05-09T17:15:34Z,Tier 1,1,1,gift,false
andreeaacrr,2022-05-02T14:18:54Z,Tier 1,8,1,prime,false
danjuro96,2022-05-05T10:31:04Z,Tier 1,1,1,recurring,false
casty888,2022-05-09T17:12:19Z,Tier 1,1,1,gift,false
benni58,2022-05-10T10:44:03Z,Tier 1,1,1,prime,false
nora_1794,2022-05-02T15:52:51Z,Tier 1,1,1,gift,false
asheraat,2022-05-05T09:15:47Z,Tier 1,2,2,prime,false
reus1010,2022-05-02T15:52:51Z,Tier 1,1,1,gift,false
oscardoesprogramming,2022-05-09T10:10:45Z,Tier 1,1,1,recurring,false
keidavidd,2022-05-09T10:20:28Z,Tier 1,4,1,gift,false
pollo_finto,2022-05-01T14:22:27Z,Tier 1,1,1,gift,false
renatikkkkkk,2022-05-09T14:57:11Z,Tier 1,1,1,gift,false
moodswing__,2022-05-09T10:20:28Z,Tier 1,1,1,gift,false
leo95nf,2022-05-09T14:56:17Z,Tier 1,1,1,gift,false
tigerstyle93,2022-05-01T14:22:28Z,Tier 1,1,1,gift,false
alligatore3,2022-05-09T10:21:27Z,Tier 1,1,1,gift,false
chasingthepas,2022-05-01T14:22:27Z,Tier 1,1,1,gift,false
giubba_,2022-05-01T22:42:54Z,Tier 1,1,1,gift,false
hazzonee,2022-05-09T10:21:27Z,Tier 1,1,1,gift,false
snaildasnail,2022-05-01T13:23:54Z,Tier 1,1,1,gift,false
kranvagnn,2022-05-01T18:46:18Z,Tier 1,1,1,recurring,false
arisenlime,2022-05-01T14:22:27Z,Tier 1,1,1,gift,false
th3parkour,2022-05-09T10:21:28Z,Tier 1,1,1,gift,false
angelopab,2022-05-01T11:27:46Z,Tier 1,1,1,gift,false
raparigadoslivros,2022-05-01T11:26:32Z,Tier 1,1,1,gift,false
dimax_38,2022-05-01T11:27:45Z,Tier 1,1,1,gift,false
rust_cohle93,2022-05-01T11:27:45Z,Tier 1,1,1,gift,false
chronosrock75,2022-05-01T11:27:45Z,Tier 1,1,1,gift,false
irenedandelion,2022-05-09T14:56:42Z,Tier 1,1,1,gift,false
allyalexisspriggs,2022-05-01T11:28:50Z,Tier 1,1,1,gift,false
marcust302,2022-05-01T11:29:39Z,Tier 1,1,1,prime,false
cuoli,2022-05-01T12:18:56Z,Tier 1,1,1,gift,false
emixmaxime,2022-05-09T14:56:42Z,Tier 1,1,1,gift,false
caffegatto,2022-05-01T22:16:43Z,Tier 1,2,1,prime,false
nilsvikt,2022-05-01T11:27:45Z,Tier 1,1,1,gift,false
fruttagguscio,2022-05-01T11:27:45Z,Tier 1,1,1,gift,false
balchohue,2022-05-09T10:20:01Z,Tier 1,3,1,gift,false
faccio_cose,2022-05-12T14:10:31Z,Tier 1,3,1,gift,false
jonasbrothers11,2022-05-01T11:27:45Z,Tier 1,1,1,gift,false
terfight99,2022-05-09T10:21:28Z,Tier 1,1,1,gift,false
gabepmf,2022-05-01T11:27:45Z,Tier 1,1,1,gift,false
grumpykungfu,2022-05-09T14:56:50Z,Tier 1,1,1,gift,false
halfflip22,2022-05-01T11:27:45Z,Tier 1,15,6,gift,false
savedbypizza,2022-05-09T15:12:36Z,Tier 1,1,1,prime,false
muriius,2022-05-01T11:27:45Z,Tier 1,1,1,gift,false
phineas93,2022-05-01T11:43:20Z,Tier 1,3,3,prime,false
angu88,2022-05-01T09:08:03Z,Tier 1,1,1,recurring,false
quattrorollini,2022-05-02T09:22:58Z,Tier 1,1,1,gift,false
grraziella,2022-05-01T11:24:41Z,Tier 1,1,1,gift,false
yoshandjess,2022-05-04T15:25:21Z,Tier 1,2,1,gift,false
elmate99,2022-05-09T17:16:48Z,Tier 1,1,1,gift,false
g1ampa,2022-05-12T13:32:23Z,Tier 1,1,1,gift,false
x2uc4,2022-05-05T09:36:50Z,Tier 1,1,1,gift,false
giulia_2777,2022-05-02T09:44:34Z,Tier 1,3,1,gift,false
lilyyrix,2022-05-12T11:14:36Z,Tier 1,3,1,gift,false
averynicebadguy,2022-05-09T14:57:15Z,Tier 1,1,1,prime,false
19mithrandir87,2022-05-04T15:25:22Z,Tier 1,1,1,gift,false
mantex17,2022-05-01T22:48:06Z,Tier 1,1,1,recurring,false
jon_riu,2022-05-05T09:23:00Z,Tier 1,8,1,gift,false
karlamarisa,2022-05-02T15:21:03Z,Tier 1,2,1,gift,false
initdave,2022-05-09T14:58:51Z,Tier 1,2,1,gift,false
coreywallflower,2022-05-02T15:54:01Z,Tier 1,1,1,gift,false
kokkobello,2022-05-02T09:33:04Z,Tier 1,1,1,gift,false
luca__battistini,2022-05-03T09:33:44Z,Tier 1,1,1,gift,false
bisseria,2022-05-05T09:23:00Z,Tier 1,1,1,gift,false
onirop,2022-05-09T14:57:12Z,Tier 1,1,1,gift,false
magikarp_with_glasess,2022-05-09T17:12:19Z,Tier 1,1,1,gift,false
heyshield21,2022-05-09T17:21:50Z,Tier 1,1,1,gift,false
oldchiwei,2022-05-02T09:22:58Z,Tier 1,1,1,gift,false
ciambottolo,2022-05-12T11:45:49Z,Tier 1,1,1,gift,false
aletaddeo,2022-05-12T14:10:31Z,Tier 1,1,1,gift,false
pugsnotdrugs7,2022-05-05T10:32:51Z,Tier 1,1,1,prime,false
derubb,2022-05-02T10:22:22Z,Tier 1,3,1,recurring,false
airas18,2022-05-09T17:13:47Z,Tier 1,2,1,gift,false
taglialby,2022-05-07T19:34:11Z,Tier 1,1,1,gift,false
bombajawn,2022-05-02T15:52:51Z,Tier 1,1,1,gift,false
lacrimediymir,2022-05-02T15:52:51Z,Tier 1,1,1,gift,false
simpson421,2022-05-09T15:12:23Z,Tier 1,1,1,gift,false
thatdude_kj,2022-05-09T14:58:51Z,Tier 1,1,1,gift,false
insanewizardd,2022-05-02T15:54:01Z,Tier 1,1,1,gift,false
raforna,2022-05-09T17:12:19Z,Tier 1,1,1,gift,false
j_javier_j,2022-05-12T13:26:44Z,Tier 1,2,1,gift,false
amarinarodrigues,2022-05-09T17:13:47Z,Tier 1,1,1,gift,false
smollbeef,2022-05-12T14:10:31Z,Tier 1,4,1,gift,false
tvbmartina,2022-05-02T15:49:17Z,Tier 1,1,1,gift,false
mark_owairan,2022-05-18T12:28:23Z,Tier 1,1,1,recurring,false
bigboss2046,2022-05-04T15:25:21Z,Tier 1,1,1,gift,false
wheresboris,2022-05-02T15:54:01Z,Tier 1,1,1,gift,false
properdivvy,2022-05-09T17:03:38Z,Tier 1,1,1,gift,false
fragtt,2022-05-05T09:23:00Z,Tier 1,1,1,gift,false
berialbarbnwar,2022-05-05T09:32:13Z,Tier 1,1,1,gift,false
mattia_rollo_1989,2022-05-02T09:33:04Z,Tier 1,3,2,gift,false
kvneki__,2022-05-05T09:36:50Z,Tier 1,1,1,gift,false
atyourassistance,2022-05-19T09:23:14Z,Tier 1,3,1,recurring,false
ik4ru5_,2022-05-02T09:33:04Z,Tier 1,1,1,gift,false
rumpelnack,2022-05-16T20:45:29Z,Tier 1,2,1,gift,false
mari_ravenclaw,2022-04-25T09:54:31Z,Tier 1,4,4,gift,false
scemaax,2022-05-01T22:42:54Z,Tier 1,1,1,gift,false
fatinababy,2022-05-12T13:32:24Z,Tier 1,3,1,gift,false
leopoule1,2022-05-12T09:40:20Z,Tier 1,3,1,recurring,false
wreckedlex,2022-05-12T09:41:05Z,Tier 1,10,1,recurring,false
dolcedu2,2022-05-12T11:45:49Z,Tier 1,1,1,gift,false
professor_hulk1,2022-05-12T14:10:33Z,Tier 1,1,1,gift,false
jiukyx,2022-05-07T19:32:27Z,Tier 1,1,1,prime,false
dgm_86,2022-05-11T14:58:03Z,Tier 1,1,1,recurring,false
its_me_merry,2022-05-17T09:19:00Z,Tier 1,9,1,prime,false
florasalt,2022-05-12T13:26:44Z,Tier 1,1,1,gift,false
finwe00,2022-05-17T20:53:32Z,Tier 1,1,1,gift,false
chibireicheru,2022-05-02T09:26:17Z,Tier 1,8,8,gift,false
bricksivilifetv,2022-05-12T14:10:33Z,Tier 1,1,1,gift,false
sotarko,2022-05-12T14:10:31Z,Tier 1,1,1,gift,false
comicbkddr,2022-05-12T11:14:36Z,Tier 1,11,1,gift,false
hermanbloom00,2022-05-18T14:02:46Z,Tier 1,6,2,prime,false
tonyruby_,2022-05-12T11:14:36Z,Tier 1,1,1,gift,false
alemar2104,2022-05-11T13:05:52Z,Tier 1,2,1,prime,false
bacongg1,2022-05-17T20:53:32Z,Tier 1,2,1,gift,false
kunta73,2022-05-12T14:10:31Z,Tier 1,1,1,gift,false
pat_slice_pizza,2022-05-16T21:25:30Z,Tier 1,1,1,gift,false
cosmiccomet,2022-05-19T09:21:13Z,Tier 1,1,1,gift,false
schmutzigk,2022-05-12T14:10:32Z,Tier 1,2,2,gift,false
mircomarin,2022-05-18T12:24:33Z,Tier 1,1,1,prime,false
kirkis277,2022-05-09T17:07:47Z,Tier 1,1,1,gift,false
arjeigh,2022-05-12T13:25:03Z,Tier 1,1,1,recurring,false
udontphaseme15,2022-05-17T21:21:18Z,Tier 1,4,1,recurring,false
salvoasw,2022-05-11T10:21:59Z,Tier 1,1,1,recurring,false
donnoh,2022-05-17T10:10:38Z,Tier 1,1,1,prime,false
kukuroofficial,2022-05-04T15:40:17Z,Tier 3,1,1,recurring,false
gianfrango1,2022-05-11T14:24:15Z,Tier 1,1,1,prime,false
daito_93,2022-05-12T14:10:31Z,Tier 1,1,1,gift,false
diavulo,2022-05-12T13:35:33Z,Tier 1,1,1,gift,false
realistwan,2022-05-12T14:10:31Z,Tier 1,1,1,gift,false
mrpurpleknight,2022-05-18T09:14:27Z,Tier 1,1,1,recurring,false
niltonslf,2022-05-12T13:27:05Z,Tier 1,9,3,prime,false
svizzer_,2022-05-09T17:12:19Z,Tier 1,1,1,gift,false
ilmomiit,2022-05-18T21:19:33Z,Tier 1,1,1,prime,false
alespazzo,2022-05-12T12:30:17Z,Tier 1,3,3,prime,false
rik_in_twitch,2022-05-16T16:36:15Z,Tier 1,1,1,gift,false
urdini,2022-05-16T13:25:58Z,Tier 1,17,17,prime,false
mrbeast_the_goat,2022-04-23T07:16:40Z,Tier 1,1,1,recurring,false
nanda7sf,2022-04-21T16:20:21Z,Tier 1,2,2,gift,false
vecku,2022-05-02T15:54:01Z,Tier 1,1,1,gift,false
nisagg,2022-05-16T20:44:46Z,Tier 1,1,1,gift,false
itsleonardo95,2022-05-11T12:23:52Z,Tier 1,1,1,prime,false
tomgino,2022-04-21T13:40:13Z,Tier 1,8,1,gift,false
hoodbolo,2022-05-19T15:29:46Z,Tier 1,1,1,gift,false
danniou,2022-05-05T14:39:30Z,Tier 1,1,1,gift,false
astraltv2005,2022-05-16T12:35:27Z,Tier 1,2,1,prime,false
akirazz203,2022-05-12T14:10:33Z,Tier 1,1,1,gift,false
kursed_9,2022-05-01T09:12:16Z,Tier 1,1,1,gift,false
taemamoo,2022-05-01T09:13:03Z,Tier 1,1,1,recurring,false
mevex98,2022-05-01T09:12:14Z,Tier 1,1,1,gift,false
giaggig,2022-04-21T14:31:33Z,Tier 1,2,1,prime,false
pascalpasitiv,2022-05-19T12:11:27Z,Tier 1,4,1,recurring,false
gabonfa,2022-05-16T13:51:04Z,Tier 1,2,1,prime,false
yonderloo,2022-05-01T11:24:02Z,Tier 1,2,1,gift,false
lore_rov,2022-05-05T12:49:32Z,Tier 1,1,1,gift,false
damutah,2022-04-21T13:40:12Z,Tier 1,2,1,gift,false
n_yin,2022-04-26T13:49:08Z,Tier 1,1,1,gift,false
mariapmorais,2022-04-21T13:40:12Z,Tier 1,1,1,gift,false
jessiecat06,2022-05-12T13:34:13Z,Tier 1,7,1,prime,false
quelsemme,2022-05-04T13:42:20Z,Tier 1,1,1,prime,false
bruotefenouil,2022-04-21T15:31:58Z,Tier 1,1,1,gift,false
anaclaudiaplima,2022-05-12T14:15:20Z,Tier 1,7,1,gift,false
andy23_97nz,2022-05-01T09:12:14Z,Tier 1,1,1,gift,false
balticboy97,2022-05-01T11:12:55Z,Tier 1,7,1,prime,false
ractoon,2022-05-12T13:35:34Z,Tier 1,1,1,gift,false
cikvioli,2022-05-12T13:36:17Z,Tier 1,1,1,gift,false
nesyuzx,2022-05-12T13:39:37Z,Tier 1,1,1,gift,false
bertolonitommaso,2022-05-16T14:29:54Z,Tier 1,1,1,gift,false
calllmeale,2022-05-11T12:55:34Z,Tier 1,4,4,prime,false
al32090,2022-05-12T14:10:33Z,Tier 1,1,1,gift,false
corran007horn,2022-05-01T11:21:54Z,Tier 1,1,1,gift,false
matiruiz2,2022-05-05T14:36:59Z,Tier 1,2,1,gift,false
azzo__,2022-05-12T14:10:31Z,Tier 1,1,1,gift,false
doryfvg,2022-05-12T13:35:35Z,Tier 1,2,1,gift,false
wesswess,2022-05-11T08:59:38Z,Tier 1,2,2,prime,false
mrthomar,2022-04-26T11:53:20Z,Tier 1,1,1,gift,false
scicchi95,2022-05-02T09:11:02Z,Tier 1,1,1,prime,false
celsiusss,2022-05-01T22:47:25Z,Tier 1,1,1,gift,false
spezialissimo,2022-05-01T11:27:45Z,Tier 1,1,1,gift,false
maurosse,2022-05-01T11:27:45Z,Tier 1,1,1,gift,false
xmewmewx3,2022-05-16T14:02:58Z,Tier 1,1,1,recurring,false
managerdideligt,2022-05-01T11:27:45Z,Tier 1,2,1,gift,false
sportus,2022-05-09T14:54:54Z,Tier 1,1,1,gift,false
rosierose12,2022-04-21T14:26:06Z,Tier 1,1,1,prime,false
annvlise_,2022-05-12T12:54:18Z,Tier 1,8,5,prime,false
mootje13039,2022-05-09T14:57:12Z,Tier 1,1,1,gift,false
kerishan,2022-05-19T11:55:20Z,Tier 1,1,1,gift,false
enkk,2022-05-16T10:16:46Z,Tier 1,1,1,gift,false
pinodeipalazzii,2022-05-02T15:54:01Z,Tier 1,1,1,gift,false
lucksterloo,2022-05-01T11:27:46Z,Tier 1,2,1,gift,false
thejellysheep,2022-05-16T20:44:45Z,Tier 1,6,1,gift,false
ascertainment,2022-05-16T13:26:49Z,Tier 1,1,1,recurring,false
deyegenerate,2022-04-21T10:22:02Z,Tier 1,1,1,recurring,false
lightb00k,2022-05-02T09:33:05Z,Tier 1,2,1,gift,false
svb_stefkor_2020,2022-05-16T09:07:07Z,Tier 1,1,1,recurring,false
sickeeen,2022-05-01T14:22:28Z,Tier 1,1,1,gift,false
isc0__,2022-05-09T14:54:54Z,Tier 1,1,1,gift,false
ryguyy26,2022-05-09T14:56:50Z,Tier 1,1,1,gift,false
valfreija,2022-05-16T20:44:46Z,Tier 1,1,1,gift,false
too_much_sand,2022-05-01T22:45:52Z,Tier 1,1,1,gift,false
spinachkale,2022-05-09T14:54:54Z,Tier 1,1,1,gift,false
aiweaway,2022-05-09T14:57:11Z,Tier 1,1,1,gift,false
xiaotiem,2022-05-09T10:21:29Z,Tier 1,5,1,gift,false
nervsky23,2022-04-24T12:53:41Z,Tier 1,3,3,prime,false
heuforius,2022-05-16T20:18:48Z,Tier 1,1,1,prime,false
nojhonnyno,2022-05-19T11:55:20Z,Tier 1,1,1,gift,false
mirco_first,2022-05-05T09:32:12Z,Tier 1,1,1,gift,false
selex237,2022-05-01T11:24:03Z,Tier 1,1,1,gift,false
imbluemoonlight,2022-05-19T09:23:15Z,Tier 1,1,1,prime,false
pickle_and_mustard,2022-05-10T23:36:58Z,Tier 1,1,1,recurring,false
andreanemo,2022-05-07T20:38:29Z,Tier 1,1,1,gift,false
linus95_,2022-05-19T12:21:04Z,Tier 1,1,1,prime,false
vink_ttv,2022-05-12T13:17:48Z,Tier 1,2,1,prime,false
profhandsome,2022-03-14T19:11:04Z,Tier 3,11,9,recurring,false
obamalaggante,2022-05-01T11:27:46Z,Tier 1,2,1,gift,false
streamelements,2021-03-07T16:41:47Z,Tier 3,15,15,recurring,false
albertodvp,2022-02-20T13:47:41Z,Tier 3,3,3,recurring,false
rodrigolacio,2022-05-04T13:40:35Z,Tier 1,7,2,prime,false
proxistor,2021-02-16T12:31:43Z,Tier 3,16,16,recurring,false
ryzingphoenixeuw,2021-12-31T15:50:30Z,Tier 3,15,5,recurring,false
